2024-03-12,18:10,04:51
2024-03-13,18:10,04:50
2024-03-14,18:11,04:49
2024-03-15,18:11,04:48
2024-03-16,18:12,04:47
2024-03-17,18:12,04:46
2024-03-18,18:12,04:45
2024-03-19,18:13,04:44
2024-03-20,18:13,04:43
2024-03-21,18:13,04:42
2024-03-22,18:14,04:41
2024-03-23,18:14,04:40
2024-03-24,18:14,04:39
2024-03-25,18:15,04:38
2024-03-26,18:15,04:36
2024-03-27,18:16,04:35
2024-03-28,18:16,04:34
2024-03-29,18:17,04:33
2024-03-30,18:17,04:31
2024-03-31,18:18,04:30
2024-04-01,18:18,04:29
2024-04-02,18:19,04:28
2024-04-03,18:19,04:27
2024-04-04,18:19,04:26
2024-04-05,18:20,04:24
2024-04-06,18:20,04:24
2024-04-07,18:21,04:23
2024-04-08,18:21,04:22
2024-04-09,18:21,04:21
2024-04-10,18:20,04:22